,,,49,57,52,52,49,52,54,52,58,54,57,54,55,67,78,56,,
,,,1512,1657,1620,1559,1533,1565,1674,1613,1751,1671,1706,1665,1695,1862,2418,1700,,MAX DIFFERENCE
,,,M0003,M0001,M0001,M0001,M0002,M0001,M0001,M0002,M0001,M0001,M0001,M0002,M0003,M0003,M0634,,,M0006 (43)
SKU,UK M,DESRCRIPTION,Jan-24,Feb-24,Mar-24,Apr-24,May-24,Jun-24,Jul-24,Aug-24,Sep-24,Oct-24,Nov-24,Dec-24,Jan-25,Feb-25,Mar-25,TRIMMED MEAN,3 Month MEAN,SD
OD001209SilverUK,M0001,Silver Circular Push Pull,114,181,204,200,125,161,132,100,181,144,180,143,104,103,62,142,90,41.7
OD001061,M0003,Silver Push Pull,129,125,119,120,111,156,91,95,117,136,142,98,150,228,190,134,189,36.6
OD001199Silver,M0002,Silver Parcel Box Text,102,111,111,148,140,109,131,133,147,123,128,147,119,103,104,124,109,16.8
OD045003,M0634,SILVER PERSONALISED MEMORIAL,26,43,24,,,30,99,71,66,104,116,118,75,62,599,110,245,150.5
OD001105S,M0005,Silver Caution Hot Water,73,74,64,56,53,47,75,54,44,75,59,39,48,105,97,64,83,19
OD001198Black,M0004,Black Parcel Box Icon,80,77,81,74,69,57,58,55,37,35,20,22,17,8,10,47,12,26.8
OD001128,M0006,Silver Authorised Personnel Only,65,39,43,40,31,32,48,43,64,43,27,25,22,63,20,40,35,14.8
OD001062,M0012,Gold Push Pull,48,31,23,18,12,18,16,33,33,27,29,30,85,88,89,39,87,26.7
OD001198Silver,M0007,Silver Parcel Box Icon,38,41,44,49,43,32,39,40,30,25,26,25,17,22,14,32,18,10.6
M0199_CA,M0199,White DoNot Flush Stand,,,,,,,3,39,42,25,29,31,31,29,60,32,40,15.2
OD001150Silver,M0031,Silver Caution Hot Surface,40,37,42,24,22,18,18,31,18,48,41,19,35,39,41,32,38,10.6
OD024039,M0035,Black Septic Tank,11,30,33,46,26,59,73,41,44,13,30,18,19,6,17,31,14,18.8
OPS011013UK,M0008,Silver Graphic Push Pull,41,62,35,50,46,43,5,13,39,8,10,13,31,32,29,30,31,17.2
OD001209GoldUK,M0009,Gold Circular Push Pull,46,36,36,35,17,30,13,14,17,24,35,21,54,24,30,29,36,11.9
M0726,M0726,SILVER NO ENTRY STAFF ONLY,,,,,,,,2,4,4,23,36,49,49,46,27,48,21.1
M0323,M0323,SILVER UNISEX TOILET CIRCLE,,,,,5,2,,5,15,19,26,42,24,60,53,25,46,20.5
OD001199Brass,M0032,Copper Parcel Box TEXT,18,20,21,30,23,19,18,33,22,29,28,42,30,19,21,25,23,6.9
M0705,M0705,PRIVATE LAND NO ACCESS,,,,,,,,6,10,30,25,20,22,16,39,21,26,10.7
OD042038DogGSSUS,M0077,Silver Beware of the DOG (German Shepherd),4,9,4,9,17,31,30,19,20,28,22,14,23,15,31,18,23,9.3
OD001162Silver,M0011,Silver Please Ring Bell,32,27,27,20,13,11,17,15,3,13,10,16,18,16,18,17,17,7.3
OD067001,M0034,Fixings Set,24,24,22,22,19,12,8,15,16,17,13,15,16,9,10,16,12,5.2
OD001055,M0041,Gold Mind The Step,14,12,15,19,11,8,13,12,22,18,28,21,14,19,14,16,16,5.1
OD001199GAU,M0048,Gold Parcel Box TEXT,9,12,8,16,5,11,13,11,21,16,20,24,25,21,20,15,22,6.2
OP011008UK,M0039,Graphic Push Pull WHITE,11,14,12,19,18,16,12,6,25,18,19,17,18,14,12,15,15,4.5
OD001187Silver,M0033,Silver Multi Faith,18,26,38,15,25,9,10,10,6,9,12,6,18,13,10,15,14,8.8
M0343,M0343,BLACK UNISEX TOILET,,,,,,,,,11,3,17,22,22,13,15,15,17,6.7
OD024096,M0054,Rustic Septic Tank,6,11,13,15,28,24,27,16,26,6,6,9,10,8,13,15,10,8
OD009034UK,M0817,CLEAR GRANDAD CHRISTMAS BAUBLE,,,,,,,,,,,,14,,,,14,,
OPS011014,M0043,Silver/Red Caution Hot Water,11,12,8,8,16,13,12,8,11,19,15,8,34,19,14,14,22,6.7
M0037,M0037,Black Double Sided Please Use Other Door,16,12,14,9,16,13,9,14,12,17,11,16,17,9,11,13,12,2.9
M0056,M0056,Gold Caution Hot Water,17,2,7,10,7,8,9,24,57,14,9,9,6,10,5,13,7,13.3
ZK-70QV-UHGS,M0123,Silver No Dogs Allowed,2,4,7,7,11,7,18,19,20,21,10,8,8,15,23,12,15,6.7
OD042024DOGS,M0225,Beware of the dogs black and white,5,3,9,5,12,9,30,29,21,16,14,4,7,3,,12,5,9.1
OD048010,M0042,Silver Meeting in Progress,19,7,10,9,9,5,8,15,13,14,8,16,17,16,10,12,14,4.2
OM008014,M0053,Graphic Mum Memorial Flowers,8,8,5,3,11,7,13,13,21,19,16,6,11,19,14,12,15,5.5
OPL022006HGUK,M0010,Dog Memorial Plaque,20,38,43,4,6,5,5,14,3,,2,6,9,3,3,12,5,13.3
OD001154Silver,M0283,Silver Shower Sign,4,6,4,11,10,13,20,19,17,22,13,9,7,7,6,11,7,5.9
OD009048UK,M0822,CLEAR MUM AND DAD CHRISTMAS BAUBLE,,,,,,,,,,,,11,,,,11,,
OM008015UK Regular Silver,M0680,SILVER PERSONALISED PHOTO MEMORIAL,3,8,4,,,,15,12,15,15,9,7,9,9,21,11,13,5.2
OD062003Grey,M0036,Grey Accessible Toilet,18,14,12,14,14,10,14,10,8,11,3,6,6,7,11,11,8,4
OD045036,M0045,Silver Mum & Dad Memorial,3,12,13,10,18,16,14,7,6,9,11,12,6,3,16,10,8,4.7
OM008013CA,M0029,Graphic Dad Birthday Memorial Beach,,4,5,12,4,5,4,14,17,11,13,15,15,7,15,10,12,5
M0481,M0481,WHITE CIRCULAR PUSH PULL,,,,,,3,2,,8,5,19,11,10,15,14,10,13,5.7
OD001150GoldCA,M0023,Gold Caution Hot Surface,7,5,13,7,12,16,13,5,3,18,4,10,13,13,4,10,10,4.8
OD024020,M0046,Black Do Not Flush,7,16,4,5,12,13,23,9,3,3,1,,,,,9,,6.7
M0750,M0750,CAR PARK DISCLAIMER - BLUE YELLOW SIGN,,,,,,,,,,,,2,9,10,13,9,11,4.7
OD001112S,M0071,Silver Drinking Water,2,15,4,8,7,5,8,15,5,5,18,11,12,5,7,8,8,4.7
M0743,M0743,YELLOW VEHICLES LEFT AT OWNERS RISK,,,,,,,,,,,,4,4,5,20,8,10,7.8
OPL013003US,M0067,Black Card Payments A5,6,4,3,9,14,7,8,10,7,6,13,7,9,14,4,8,9,3.5
OPL022005HGUK,M0040,Graphic Cat Memorial,10,8,19,4,16,11,3,5,1,,,,,,2,8,2,6.1
M0756,M0756,SILVER WASH YOUR HANDS,,,,,,,,,,,4,,5,9,12,8,9,3.7
OD001198Gold,M0057,Gold Parcel Box ICON,6,6,7,8,10,11,9,8,8,9,5,7,3,4,7,7,5,2.2
M0693UK,M0693,SILVER PLEASE KNOCK,,,,,,,,3,6,8,14,12,3,7,3,7,4,4.2
OD045034SilverFABuk,M0055,Silver Mum Memorial,6,9,5,7,12,7,5,7,4,2,7,13,4,,8,7,6,3
OD014002White,M0173,White Septic Tank Adhesive,5,1,3,,3,6,14,19,12,10,2,1,8,,4,7,6,5.6
2786,M0353,SILVER ACCESSIBLE TOILET & BABY CHANGE,,,,5,9,9,6,10,7,5,5,4,5,6,10,7,7,2.2
OD001143S,M0432,Silver Designated Smoking Area - Saville,5,4,7,6,13,11,5,12,3,2,10,3,6,4,9,7,6,3.5
OD001210BW,M0052,Black Circular Push Pull,5,7,8,10,8,3,6,2,2,12,6,1,10,13,5,7,9,3.7
OPL014023BlackUK,M0206,DO NOT OBSTRUCT DRIVEWAY - BLACK,7,3,5,7,4,13,,,,,,,,,,7,,3.6
M0251,M0251,Black Push Pull Rectangular,5,2,4,2,1,4,2,,4,,7,,9,17,21,7,16,6.3
OD001209Copper,M0051,Copper Circular Push Pull,7,13,4,9,6,2,3,4,2,6,6,9,4,14,8,6,9,3.6
M0276,M0276,SILVER SEPTIC TANK,4,3,,9,28,4,11,4,3,,2,2,,6,1,6,4,7.4
OPL022005FHUK,M0047,Graphic Cat Memorial,5,11,9,9,10,4,1,2,,,,,,,,6,,3.9
OD001216_GOLD,M0194,CCTV IN OPERATION - GOLD,5,,6,7,6,4,3,7,5,12,5,11,5,,2,6,4,2.8
OM009008Slate,M0772,PERSONALISED SLATE HEART MEMORIAL,15,9,3,,,,,,5,2,2,,,,,6,,5.1
M0018,M0018,Black Please Wait To Be Seated STAND,2,3,4,2,6,6,7,12,9,5,7,3,5,4,13,6,7,3.3
OD001065BW,M0058,Black Back In 5,5,6,8,8,11,5,4,1,12,4,5,6,5,,1,6,3,3.2
OD001162Black,M0044,Black Please Ring Bell,9,9,12,5,8,3,7,3,3,4,4,6,6,5,2,6,4,2.8
M0243,M0243,Silver Lift Sign UK/AU,10,5,1,6,4,1,3,3,7,10,10,2,6,13,5,6,8,3.7
OPL022006FHCA,M0112,"Graphic Dog Memorial - DICK, TOM",4,6,3,7,12,5,8,8,4,2,,,4,,,6,4,2.9
OM003025L,M0779,PERSONALISED LARGE METALLIC ISLAMIC MEMORIAL,3,7,5,,,,,,3,3,9,6,3,5,13,6,7,3.3
OPL014016US,M0075,Black Hot Tub Rules,2,3,5,4,9,4,6,8,5,10,10,4,2,4,9,6,5,2.8
OD045085Silver,M0097,Silver Special Friend Memorial,3,4,2,7,4,6,12,8,4,5,5,2,4,10,7,6,7,2.9
OC062001_L_UK,M0683,PERSONALISED BRASS PLAQUE,6,9,7,,,,8,2,,,,,,1,,6,1,3.3
M0150_CA,M0150,Silver Over 18,4,5,5,7,7,4,4,3,8,6,5,8,7,4,5,5,5,1.6
OD068003,M0642,A4 Site Safety Sign,1,2,4,2,3,4,4,7,13,4,,,15,3,6,5,8,4.2
M0783,M0783,BLACK SEPTIC TANK MEDIUM ADHESIVE - MYRA,,,,,,,,,,,4,2,4,5,11,5,7,3.4
OPS014021Silver,M0049,Silver Please Ring Bell (Ex Sub),6,11,6,6,2,,,,,,,,1,3,,5,2,3.4
M0545,M0545,BLACK ELEVATOR,,,,,,,,,5,,,,,,,5,,
M0610-2,M0610,BLACK PRIVATE PROPERTY,,,,,,,4,,11,10,5,3,4,1,2,5,2,3.6
OD024083Blue,M0660,BLUE LAUNDRY ROOM RULES,,,,,,5,,,,,,,,,,5,,
M0760,M0760,SILVER SIGN - KEEP HOT TUB COVERED WHEN NOT IN USE,,,,,,,,,,,,3,3,6,8,5,6,2.4
OD001162GoldUS,M0070,Gold Please Ring Bell,2,6,3,6,4,9,4,5,4,6,6,4,7,3,4,5,5,1.8
OC062001_M_UK,M0682,PERSONALISED BRASS PLAQUE,9,2,8,,,,7,2,,4,,2,,,,5,,3.1
M0753,M0753,SILVER BABY CHANGING SIGN,,,,,,,,,,2,2,,7,9,4,5,7,3.1
OD062003Black,M0038,Black Accessible Toilet,14,15,4,5,8,2,1,1,2,4,2,1,5,3,3,5,4,4.4
OD045034 Gold,M0540,GOLD MUM MEMORIAL,3,2,4,7,6,1,5,7,5,7,4,8,3,3,5,5,4,2.1
M0697UK,M0697,WHITE HOT WATER,,,,,,,,,3,,4,6,1,7,7,5,5,2.4
M0156,M0156,Carbon Ash Septic Tank Adhesive,,3,2,4,6,7,7,9,2,1,6,3,1,,9,5,5,2.9
M0246_CA,M0246,Copper Parcel Box Icon,3,5,6,6,4,7,4,5,7,5,3,3,,1,,5,1,1.8
OD042023,M0288,BLACK DOGS LOOSE,7,3,3,5,,,,,,,,,,,,5,,1.9
OD048009,M0499,BLACK ROOM IN USE/ Vacant DND,7,4,2,1,3,4,8,11,,4,1,6,3,,,5,3,3
M0696UK,M0696,WHITE - SHOWER,,,,,,,,5,3,2,2,3,5,9,7,5,7,2.5
OD001203Gold,M0814,GOLD CAUTION AUTOMATIC DOORS SIGN,,,,,,,,,1,,,,,,8,5,8,4.9
M0195,M0195,ACCESSIBLE TOILET - GOLD,,,4,5,2,3,,5,6,6,6,3,4,5,4,4,4,1.3
OD014002DarkBlue,M0161,Dark Blue Septic Tank Adhesive,,2,1,2,4,7,5,7,10,2,4,5,2,6,,4,4,2.6
M0650UK,M0650,BLACK RESIDENTS PARKING ONLY,,,,,,,7,3,8,8,3,3,1,,2,4,2,2.8
OD048007,M0099,Silver Treatment DND,3,1,2,5,,,4,1,2,2,4,9,11,7,5,4,8,3.1
OD001035BW,M0050,Black Double Sided Open Closed,8,10,4,5,3,3,2,4,5,1,2,,,,,4,,2.7
JB-BRZK-TNMS,M0013,Silver In Case of Fire Do Not Use Elevator,2,10,3,1,2,,1,,3,3,3,1,2,17,7,4,9,4.6
OD045038,M0139,Silver Brother Rectangular Stake,,4,7,1,3,4,1,3,9,5,4,10,2,2,4,4,3,2.8
OPL022004UK,M0426,Mum and Dad Hydrangea Memorial Stake,1,2,2,3,2,9,12,3,5,4,9,4,1,1,5,4,2,3.3
M0725,M0725,BLACK PRIVATE,,,,,,,,,,,2,6,3,3,7,4,4,2.2
M0154,M0154,Silver Disabled Toilet Sign,,,,4,4,,9,5,2,4,4,4,5,2,3,4,3,1.9
OD062005BLACK,M0279,Black Toilet for Customers Only,2,2,7,4,2,8,7,4,1,1,4,,4,5,5,4,5,2.3
OPL014026DarkGrey,M0416,DARK GREY PLEASE LEAVE PACKAGES,4,5,4,5,3,3,,,,,,,,,,4,,0.9
OD042038DogsSSUK,M0475,SILVER STAFFY BEWARE OF THE DOGS,,,,,,6,7,4,3,,4,,2,2,4,4,3,1.8
M0559DE,M0559,BLACK NO PHOTOGRAPHY,,,,,,,,,3,7,,2,,,,4,,2.6
OD001168Silver,M0608,SILVER NO ALCOHOL,,,,,,,,7,,,,3,2,,4,4,3,2.2
OD001106S,M0692,SILVER HAIR DRYER,,,,,,,,,,,,4,,,,4,,
OM008015UK Large Silver,M0715,LARGE SILVER PERSONALISED MEMORIAL,6,2,1,,,,,5,5,6,2,2,2,2,11,4,5,3
M0782,M0782,CIRCULAR PUSH AND PULLS SILVER - DRACULA,,,,,,,,,,,4,,2,4,6,4,4,1.6
OD009036UK,M0819,CLEAR NANA CHRISTMAS BAUBLE,,,,,,,,,1,2,3,10,,,,4,,4.1
M0022,M0022,Red Caution Hot Surface,4,4,5,3,4,2,5,3,3,1,1,4,1,6,13,4,7,2.9
OD048002NEW,M0531,YELLOW GAMING DND,10,1,1,2,6,1,5,3,3,2,5,13,1,2,,4,2,3.6
M0249,M0249,SILVER FIRE EXTINGUISHER,,,,1,,17,1,1,,,4,1,4,3,3,4,3,5.1
M0670UK,M0670,WHITE - CASH PAYMENTS ONLY,,,,,,,5,2,6,5,,5,5,1,2,4,3,1.9
OD001195Red,M0529,RED NO GLASS IN BIN,2,3,3,,5,2,16,2,,,,,1,1,3,4,2,4.4
M0217,M0217,GOLD SEPTIC TANK,,2,,,,2,8,1,3,,,7,,3,4,4,4,2.5
M0324,M0324,SILVER UNISEX TOILET DICK,,,,,3,3,10,2,2,3,,,5,,2,4,4,2.7
OPL012007BlackUK,M0207,DOG FRIENDLY PUB - BLACK,1,4,3,8,3,3,5,4,6,4,3,1,5,4,1,4,3,1.9
OD010025Blue,M0525,BLUE CAR PARK FOR PATRONS ONLY,,,,4,8,6,,2,,,,,1,1,,4,1,2.9
M0188,M0188,Grey Do Not Obstruct Driveway,3,3,2,2,3,3,3,2,3,5,5,2,7,7,4,4,6,1.7
OD024110US,M0085,Emoji Septic System,3,4,1,,2,3,11,7,2,4,2,6,3,1,1,4,2,2.8
OD045035SilverCA,M0108,Silver Dad Memorial REC REGULAR,2,2,5,,7,7,4,6,1,2,1,4,,,1,4,1,2.3
OD024108Silver,M0171,Silver Please Use Back Door,3,2,5,1,3,3,1,,1,2,4,6,4,10,4,4,6,2.4
OM008009,M0543,GOLD FATHERS DAY - GREEN WELLIES REC STAKE,,,,,2,5,,,,,,,,,,4,,2.1
OPL025002,M0703,HAPPY HALLOWEEN FREESTANDING SIGN,,,,,,,,,2,5,,,,,,4,,2.1
OD009037UK,M0820,CLEAR SISTER CHRISTMAS BAUBLE,,,,,,,,,,,2,5,,,,4,,2.1
M0856,M0856,BLACK CLIENT PARKING,,,,,,,,,,,,,3,4,,4,4,0.7
M0933,M0933,GOLD NO JUNK MAIL,,,,,,,,,,,,,,1,6,4,4,3.5
OD051004,M0371,Silver Therapy Room Door Sign (Black Back),4,3,2,,,2,5,4,4,7,3,4,2,2,3,3,2,1.5
OD045035Gold,M0532,GOLD DAD REC STAKE,2,2,2,4,4,7,5,4,6,1,1,7,2,2,2,3,2,2.1
OD010025Black,M0588,BLACK CAR PARK FOR PATRONS ONLY,4,,3,,2,3,2,6,3,,3,,,,,3,,1.3
OD024051Blue,M0396,BLUE HOT TUB SIGN,,,13,2,3,1,,2,,,1,2,,2,3,3,3,3.7
OD001216_SILVER,M0248,Silver CCTV In Operation,10,2,1,3,2,3,1,,,,,,,,,3,,3.1
M0059,M0059,Silver No Admittance,7,6,8,1,1,2,1,1,1,3,,2,4,3,3,3,3,2.4
OPL011018BlackUS,M0066,Black Please Ask Allergy,,,,3,,4,1,4,5,3,5,,1,1,,3,1,1.7
M0152,M0152,Silver Ladies Toilet Sign,,,,3,1,,,,5,,,,,,,3,,2
M0245_US2,M0245,Silver Recycle Bin Sign,,,,,,,2,,7,,,,,2,1,3,2,2.7
OPL022012,M0320,LANDSCAPE GRANDPARENTS MEMORIAL,4,,2,,,,,,,,,,,,,3,,1.4
OD024111Black,M0367,BLACK CIRCULAR SEPTIC TANK,,,,,,,,,,,3,,,,,3,,
OD010023WhiteUK,M0482,WHITE SANITARY BIN,,,,,3,5,2,6,2,,2,3,,1,3,3,2,1.6
OD045042,M0528,SILVER NANA REC STAKE,,3,1,,2,3,2,2,3,4,2,4,4,4,5,3,4,1.2
OD010025Red,M0675,RED CAR PARK FOR PATRONS ONLY,,,,,,,1,,,,,,,,5,3,5,2.8
M0700,M0700,BLACK DRIVEWAY,,,,,,,,3,3,5,3,4,2,2,2,3,2,1.1
M0706,M0706,ORANGE NO PARKING DISABLED,,,,,,,,,6,,,,1,2,,3,2,2.6
M0712,M0712,BLACK CHALLENGE 25 SIGN,,,,,,,,,2,,,,4,3,3,3,3,0.8
OPL011025UK,M0723,WHITE NO BBQs,,,,,,,3,,,,,,,,,3,,
M0797,M0797,SILVER PARCEL BOX TEXT MEDIUM,,,,,,,,,,,,7,1,,1,3,1,3.5
M0801,M0801,GOLD CAUTION HOT SURFACE,,,,,,,,,,,,3,2,5,2,3,3,1.4
OD009032,M0808,CLEAR DAD CHRISTMAS BAUBLE,,,,,,,,,,,,3,,,,3,,
OD009038UK,M0821,CLEAR BROTHER CHRISTMAS BAUBLE,,,,,,,,,,,,3,,,,3,,
OD0010201YELLOW,M0837,YELLOW PUSH BUTTON TO OPEN,,,,3,,,,,,,,,,,,3,,
OD001158Yellow,M0913,YELLOW ADULTS ONLY,,3,,,,,,,,,,,,,,3,,
OD001158Yellow,M0913,YELLOW ADULTS ONLY,,3,,,,,,,,,,,,,,3,,
OD001188Silver,M0544,SILVER MUSLIM PRAYER ROOM,4,,2,,4,3,1,,,2,1,5,3,3,4,3,3,1.3
OD045085COPPER,M0281,Copper Special Friend Memorial DICK,,,2,3,3,3,2,1,3,3,,4,3,4,3,3,3,0.8
OD010016,M0350,BLACK DOG FRIENDLY PUB,7,5,1,3,,1,4,1,,,1,,3,4,1,3,3,2
OPL012005GreyUK,M0208,DOG FRIENDLY - GREY,1,4,3,1,3,3,2,2,,3,2,1,4,6,4,3,5,1.4
OPL014027UK,M0098,RUSTIC - Parcels & Deliveries,3,8,1,2,1,2,,,3,4,,,,1,,3,1,2.2
OM001036GOLD,M0469,GOLD MUM AND DAD PLAQUE,,1,,2,4,4,3,5,4,4,1,1,2,4,1,3,2,1.5
M0616,M0616,BLACK CLEAN UP AFTER DOG,,,,,,,,5,,4,,,,1,1,3,1,2.1
OD010022,M0356,BLACK DOG FRIENDLY AREA,,5,2,2,2,2,5,,,,,,1,,,3,1,1.6
OD048028US,M0093,Silver In Bath DND,3,5,2,4,2,2,,1,1,3,,6,,1,2,3,2,1.6
OPL020001BlackUS,M0111,Black Large Meeting DND,1,,2,4,1,3,4,5,3,,,,,,1,3,1,1.5
OPL014002LightBlueAU,M0160,Light Blue Septic Tank Adhesive,,2,1,,2,4,3,4,3,4,3,,1,4,1,3,2,1.2
OD001134,M0677,YELLOW NO DOGS ALLOWED,,4,3,7,1,2,4,4,1,,1,1,,1,,3,1,2
M0017,M0017,Red Please Ring Bell,2,6,3,3,3,1,3,2,2,,2,2,,3,2,3,3,1.2
OD001216_BW,M0247,Black CCTV In Operation,1,3,2,2,1,2,4,,3,3,,7,,2,1,3,2,1.7
M0202_CA,M0202,Black No Glass in Bin,2,2,,1,4,2,,6,,,,,1,,,3,1,1.8
2787,M0354,COPPER ACCESSIBLE TOILET & BABY CHANGE,,,,4,3,3,,,,2,2,,1,3,,3,2,1
OPL022006LFUK,M0533,WOOD EFFECT LIVED FOREVER DOG STAKE,2,1,4,2,3,1,1,8,3,,1,,,,2,3,2,2.1
M0164-2,M0164,Silver Mens Toilet Sign - DICK,,,,,4,2,,,,,,,1,,3,3,2,1.3
M0329,M0329,BLACK LADIES TOILET,,,,,,,,,,,4,,3,2,1,3,2,1.3
M0340,M0340,BLACK MENS TOILET,,,,,,,,,,,3,,3,3,1,3,2,1
OD001154Blue,M0442,BLUE SHOWER,,,,,3,2,,,,,,,,,,3,,0.7
OPL012005GreenUS,M0455,GREEN DOG FRIENDLY,,4,1,2,3,,1,,3,,1,,1,1,8,3,3,2.2
OD001090,M0570,BW DESIGNATED SMOKING AREA,,1,,,4,6,2,,,1,,3,,2,1,3,2,1.8
M0752,M0752,PLEASE HELP YOURSELF TO TEA & COFFEE - BLACK - STALIN,,,,,,,,,,,,,,1,4,3,3,2.1
OD001058,M0883,SILVER BABY CHANGE - IDI,,,,,,,,,,,,,,4,1,3,3,2.1
OP014004BlackboardUS,M0060,Black Lunch Break,4,2,1,3,2,1,2,1,3,3,3,2,3,4,,2,4,1
OPL022003UK,M0338,MUM AND DAD MEMORIAL STAKE GRAPHIC BLUE SKY GRASS,3,3,2,2,1,1,4,,1,4,2,1,1,5,4,2,3,1.4
M0163,M0163,Silver Ladies Toilet Sign - DICK,,,,,4,2,,,,,,,1,1,4,2,2,1.5
M0230,M0230,GREY ALL GENDER TOILET,,1,,1,,3,2,5,,,,,,,,2,,1.7
M0192,M0192,HOT TUB RULES - BLUE,,2,5,1,5,1,,2,,,2,,,,1,2,1,1.7
M0205,M0205,LEAVE PARCELS IN BOX - GREY,1,,3,,2,2,3,3,2,,4,1,,1,4,2,3,1.1
OD048063RW,M0474,RED RECORDING IN PROGRESS DND,4,1,2,1,2,1,3,1,,1,1,5,1,5,5,2,4,1.7
M0203,M0203,NO ALCOHOL - BLACK,,,2,6,1,2,,,,1,,2,,,,2,,1.9
M0762,M0762,YELLOW CCTV,,,,,,,,,,,,,2,4,1,2,2,1.5
OD001103S,M0611,SILVER CAUTION HOT TOWEL RAIL,1,,10,,,1,,1,1,,1,1,1,3,3,2,2,2.8
OD045081CopperUS,M0450,Copper Husband Heart Memorial,1,2,4,3,1,2,4,4,2,3,,2,2,1,1,2,1,1.1
M0212,M0212,SILVER PLEASE SHOWER HOT TUB,,1,1,3,,1,2,7,1,2,,,2,1,4,2,2,1.8
OP011009BlackStandUS,M0024,Black Please Order Here,1,1,3,,,5,1,5,2,2,1,2,2,,2,2,2,1.4
7A-3UGT-B15F,M0030,Silver Hand Dryer,2,,,,2,,3,,2,,,,,,,2,,0.5
OD001187BW,M0376,BLACK MULTI FAITH,,3,4,1,,,,,,,,,2,1,,2,2,1.3
OD042025LF,M0466,SILVER LIVED FOREVER CAT MEMORIAL,1,,1,2,1,3,6,1,2,2,3,,,,,2,,1.5
OD001152Silver,M0407,SILVER NO GLASS IN HOT TUB,,2,1,3,2,,4,4,1,2,2,2,1,2,2,2,2,1
OPL022002UK,M0146,Graphic Mum & Dad Memorial,,6,,1,1,1,3,,,,,1,,2,,2,2,1.9
OD024044BandW,M0304,BLACK PLEASE USE BACK DOOR,1,2,,,1,2,,,,,,,2,1,6,2,3,1.8
OC062001_S_UK,M0681,PERSONALISED BRASS PLAQUE,3,1,1,,,,5,,2,2,,,,,1,2,1,1.5
OD001142Silver,M0684,SILVER STAFF BREAK ROOM,,,,,,,5,,,1,1,1,1,3,3,2,2,1.6
OP011003whiteUSstand,M0026,White Please Wait To Be Seated,1,5,1,2,2,1,2,,3,,,,,,,2,,1.4
OD045100SilverCA,M0025,Silver Brother Heart Memorial,,1,2,2,2,4,4,1,,,,,1,2,,2,2,1.2
M0237,M0237,DOG FRIENDLY - BLUE,1,2,1,1,,,1,,,3,2,,4,2,4,2,3,1.2
M0014,M0014,Silver Ring Bell For Service,1,2,2,1,2,,1,1,2,,4,2,,5,,2,5,1.3
M0106,M0106,Grey Dog Friendly Pub,,,,1,3,,,3,,,,,1,,,2,1,1.2
OD001163Gold,M0168,Gold Ring Bell for Service,,,,,,,2,,,,,,,,,2,,
M0201_US,M0201,Silver Massage Room,3,,1,,1,,,,,1,,1,6,2,1,2,3,1.8
M0209,M0209,RED OVER 21 ONLY,,,,2,,,,,,,,,,,,2,,
M0220,M0220,GOLD OVER 18,2,,,2,,,,,,3,1,2,2,2,,2,2,0.6
OP011003whiteUSadhesive,M0252,WAIT TO BE SEATED -  WHITE -  ADHESIVE,4,3,,,1,2,1,1,,,,,,2,,2,2,1.2
OD048063Silver,M0267,Silver Recording DND,1,2,1,1,3,1,,,,1,3,7,1,1,2,2,1,1.8
OD001087,M0284,COPPER MIND STEP,,,,2,,,,,,,,,,,,2,,
OD001157Gold,M0317,GOLD OVER 21 ONLY,1,,,3,2,3,,1,,2,,,,,,2,,0.9
M0341,M0341,BLACK DISABLED TOILET,,,,,,,,,,,2,,,,,2,,
M0387,M0387,BLACK UNISEX TOILET,,,,,,,,,,2,,,,,,2,,
OM008041CA,M0393,SLATE DAD HEART STAKE,,,,,,3,,,,,1,,,,,2,,1.4
OD058018,M0428,SILVER CHANGING ROOM,,,,,,,,,,,,,,2,,2,2,
OPL021004UK,M0429,DND Team Meeting in Progress coloured squares - Louis,1,3,1,2,,3,,,2,,2,,,,,2,,0.8
OD001201Yellow,M0439,YELLOW PUSH BUTTON TO OPEN,,2,,,,,,,1,,,,,3,2,2,3,0.8
OPL022005PPUK,M0498,WOOD EFFECT CAT PAW PRINT MEMORIAL,,,,,2,,,,,,,,,,,2,,
OD001184Silver,M0519,SILVER DELIVERIES PLEASE RING BELL,,1,3,,3,1,,,,1,1,,3,3,2,2,3,1
OPL013005UKMint,M0530,MINT A5 CARD PAYMENTS ONLY,,,1,1,4,2,,,,,,,,,,2,,1.4
OPL022005LFUK,M0534,WOOD EFFECT LIVED FOREVER CAT STAKE,1,4,2,,1,2,1,,3,,,,,,,2,,1.2
OD001201Red,M0542,RED PUSH BUTTON TO OPEN,,,,,,,,,,,,,2,,,2,2,
M0558,M0558,BLACK NO DOGS,,,,,,,2,,,,,,,,,2,,
M0564,M0564,COLOURED OPEN CLOSED,,,,,,,,,,2,,,,,,2,,
OD048008,M0571,SILVER BEAUTY THERAPY IN PROGRESS DOOR HANGER,,,,,,,3,,,,,,1,,,2,1,1.4
M0579,M0579,BLUE VISITORS PLEASE USE THIS ENTRANCE,,,,,,,2,,,,,,,,,2,,
OD001158Gold,M0585,GOLD ADULTS ONLY OVER 18,,,,,,,,,,,,,,1,3,2,2,1.4
M0615,M0615,BLACK PLEASE NO FOOD OR DRINK,,,,,,,,2,,,3,,2,1,,2,2,0.8
OD001196Walnut,M0635,WALNUT COMPOST ONLY,,,,,,1,,,,,,,2,,3,2,3,1
OD053001,M0654,YELLOW DANGER OF DEATH - 4 HOLES,,,,,,2,,,,,,,,,,2,,
OD001154Gold,M0663,GOLD SHOWER SIGN,3,6,,,1,2,1,1,2,,,,,1,1,2,1,1.7
M0664UK,M0664,WHITE PUSH PULL,,,,,,,,4,2,,,,1,,1,2,1,1.4
OD010025Silver,M0738,SILVER CAR PARK PATRONS,,,,,,,,2,,,,,,,,2,,
M0796,M0796,WHITE LUNCH BREAK LARGE - TWINE,,,,,,,,,,,,,,2,,2,2,
M0803,M0803,SILVER HAND DRYER MEDIUM,,,,,,,,,,,,,,3,1,2,2,1.4
OD009033,M0816,CLEAR MUM CHRISTMAS BAUBLE,,,,,,,,,,1,2,3,,,,2,,1
OD009062UK,M0823,CLEAR DAUGHTER CHRISTMAS BAUBLE,2,,,,,,,,,,,,,,,2,,
OD009063UK,M0824,CLEAR SON CHRISTMAS BAUBLE,1,,,,,,,,,,,3,,,,2,,1.4
OD001203Red,M0871,RED CAUTION AUTOMATIC DOORS - SAVILLE,,,,,,,,,,,2,,,,,2,,
M0873,M0873,RED STRICTLY NO ADMITTANCE,,,,,,,,,,,,2,,3,1,2,2,1
OD042038DOGS/S/RWmedium_UK,M0895,SILVER MEDIUM ROTTWEILER BEWARE OF THE DOGS,,,,,,,,,,,,2,,,,2,,
OD042038DogGSGUS,M0492,GOLD GERMAN SHEPHERD BEWARE OF THE DOG,3,,3,,,2,1,2,1,2,,1,1,2,3,2,2,0.8
OD048024,M0447,SILVER ARTIST DND,1,1,,1,1,2,,,,3,5,3,1,,1,2,1,1.4
OD045100Gold,M0476,GOLD BROTHER HEART STAKE,,1,,3,1,1,,6,1,2,1,1,,,2,2,2,1.6
OD042025PP,M0556,SILVER CAT MEMORIAL,,,,,1,2,2,3,1,2,,2,,,,2,,0.7
OD045072Silver,M0273,Silver Daughter Rectangular Memorial,,,2,1,4,2,2,3,1,2,2,1,2,1,1,2,1,0.9
M0215,M0215,SILVER LOUNGE ROOM,4,,,1,1,1,,,,,2,,,2,,2,2,1.2
OD001123,M0368,SILVER ACCESS RAMP,,1,1,1,4,2,,,,2,,,,,,2,,1.2
OD024057Blue,M0427,BLUE POOL RULES,,1,3,,,,,,,1,2,,,1,3,2,2,1
OPL014023Green,M0316,GREEN DO NOT OBSTRUCT DRIVEWAY,1,2,2,1,3,,,,,,,,,,,2,,0.8
OD042038DOGS/S/GSlarge/UK,M0590,SILVER BEWARE OF DOGS - GERMAN SHEPHERD - LARGE,2,,1,,2,,,,,,,3,,,1,2,1,0.8
M0669UK,M0669,BLACK PLEASE RING BUZZER,,,,,,,,,,2,3,,2,1,1,2,1,0.8
OD048060Silver,M0155,Silver Video Call DND,,3,,,,,1,2,,1,,,,,,2,,1
M0256,M0256,Gold No Glass In Hot Tub,1,,,1,,3,2,1,,2,,,,1,3,2,2,0.9
OPL012009BrownUK,M0431,Brown Horses Loose in Field sign,,,1,3,,,1,,,,,2,,,,2,,1
OD001024SmallUK,M0467,BLACK PRIVATE,,,1,1,,,2,3,,4,,,1,1,1,2,1,1.2
OD045080Copper,M0477,COPPER WIFE HEART STAKE,,3,,1,1,,,1,,2,3,,,2,1,2,2,0.9
OM008039,M0595,MUM Slate Heart (White Text),,,2,,2,,2,1,,,,,,,,2,,0.5
OPL014026LightGrey,M0601,LIGHT GREY PLEASE LEAVE PACKAGES DELIVERY NOTICE,4,,1,,1,1,,,,,,,,,,2,,1.5
OD001184BW,M0643,BW DELIVERIES PLEASE RING BELL,,,,,,,,,1,1,,,,2,3,2,3,1
OD001057,M0701,GOLD BABY CHANGE,,,2,,,,1,,,,2,,,2,,2,2,0.5
M0798,M0798,SILVER PARCEL BOX TEXT LARGE,,,,,,,,,,,,4,1,1,1,2,1,1.5
M0016,M0016,WHITEWOOD Lunch Break,5,,2,1,1,1,,,,,,,,1,1,2,1,1.5
OD048004SCA,M0107,Silver Sleep DND,,,,,,3,,,1,,,,1,,,2,1,1.2
OD045056CA,M0109,Black Dad Heart Memorial,1,1,,1,,3,3,,,,,,,1,,2,1,1
M0165,M0165,Silver Disabled Toilet Sign - DICK,,,,,2,,,,,,,,,1,2,2,2,0.6
OPL014028BlackCA,M0222,BLACK PLEASE LEAVE ALL PARCELS,1,1,3,,2,1,,2,,,,,,,,2,,0.8
M0236_CA,M0236,BLACK PLEASE LEAVE TOILET,,,,,,,,,,1,2,,,2,,2,2,0.6
OD048025,M0241,Silver Genius At Work DND,,,,1,1,1,5,2,,1,1,2,1,,,2,1,1.3
OD062001Black,M0303,BLACK ALL GENDER TOILET,1,2,2,,,,,,,,,,,,,2,,0.6
OP014004,M0349,WHITEWOOD REMOVE SHOES,2,1,2,,,,,,,,,,,,,2,,0.6
OP016001UK,M0468,Selfie Time Sign - BLACK,2,1,1,4,,1,,1,,,,,,,,2,,1.2
OD045081Silver,M0063,Silver Heart Husband Memorial,,,2,1,4,1,,,,1,,2,1,1,,2,1,1.1
OD001184Yellow,M0666,YELLOW DELIVERIES PLEASE RING BELL,2,,,,,1,,2,1,3,1,2,1,,,2,1,0.7
OP011003blackUSadhesive,M0069,Black Please Wait HERE TO BE SEATED! Adh,,2,2,1,2,,,2,,,1,1,1,1,3,2,2,0.7
OD045035_LARGE,M0104,Silver Large Dad Memorial,2,1,2,2,1,,,,,,,,,,,2,,0.5
OPL014026RedUS,M0105,Red Please Leave Packages,1,2,2,1,,1,3,,1,,2,1,,2,,2,2,0.7
OD001077MBlackUK,M0182,Black Slippery When Wet,2,,,2,,,2,,1,1,,,,,,2,,0.5
OPL020004CA,M0390,MEDITATION IN PROG DND,,,,,,1,2,,,,2,2,1,,,2,1,0.5
OD010048,M0708,CARBON ASH WAIT TO BE SEATED,,1,2,,,,2,1,,1,,,,1,3,2,2,0.8
OPL017006US,M0117,Shh Quiet Please A5 Hanging,2,1,1,1,1,,,2,2,,1,3,,,,2,,0.7
OD001187Gold,M0457,GOLD MULTI FAITH,2,1,,,2,2,,,1,1,,1,3,1,,2,2,0.7
OD045085Black,M0084,Black Friend Memorial,1,,,1,1,3,1,1,2,1,,2,1,3,1,2,2,0.8
OD045110,M0131,Black Brother Heart Stake,,,,,,2,,,,,,,1,,,2,1,0.7
OD058012,M0229,SILVER BATHROOM,,1,,2,,,,,,,,,,,,2,,0.7
OPL014024GreenUK,M0235,GREEN PRIVATE PARKING,,,1,2,,,,,,,,,,,,2,,0.7
2788,M0264,Rainbow (WOKE) Please Ring Bell,,,,1,,3,,,,,,,1,,1,2,1,1
OPL014010WhitewoodUK,M0345,WHITEWOOD USE BACK DOOR,,,,,,,,1,1,2,1,1,3,2,1,2,2,0.8
M0389,M0389,BLACK DISABLED TOILET,,,,,1,,,,2,,,,,,,2,,0.7
OD001196Green,M0444,GREEN COMPOST,,,,,1,,,,,,,,,2,,2,2,0.7
OD045073CopperUS,M0451,COPPER SON RECT MEMORIAL,,,1,,,3,1,1,,2,1,1,,2,,2,2,0.8
OD001044BW,M0563,BLACK VACANCIES,1,1,,,,,,,2,2,,,,2,1,2,2,0.5
OD042038dog/S/GSlarge_UK,M0589,SILVER BEWARE OF DOG - GERMAN SHEPHERD - LARGE,,,,,1,,2,,,,,,,,,2,,0.7
M0593,M0593,SILVER ADULTS ONLY - (OVER 21 ONLY),,,,,,,,,,,,2,1,,,2,1,0.7
OD001156Red,M0714,RED OVER 18,,,,,,,2,,1,,,,,,,2,,0.7
OM009008Standard,M0770,PERSONALISED HEART MEMORIAL,1,3,1,,,,,,,,,,1,,,2,1,1
M0804,M0804,SILVER HAND DRYER LARGE,,,,,,,,,,,,,2,,1,2,2,0.7
OM003030Sil,M0094,Silver Aunt Heart Stake,3,1,1,,1,1,3,1,,1,1,2,,1,,1,1,0.8
OM003021Black,M0122,Black Cousin Rectangular Stake,1,1,3,1,1,,1,2,2,,,1,,1,2,1,2,0.7
OD042038DogGSCUK,M0102,Copper Beware Of the Dog German Shepherd,,,1,,1,,2,2,1,,1,1,,2,2,1,2,0.5
OD048010G,M0088,Gold Meeting In Progress DND,1,1,1,2,2,2,,,1,,,,,,,1,,0.5
OD001151Gold,M0609,GOLD PLEASE SHOWER BEFORE USING HOT TUB,1,2,,,,2,1,2,,1,,,,1,,1,1,0.5
OD048060Red,M0162,Red Video Call DND,2,1,2,2,1,,1,1,,2,,,1,,1,1,1,0.5
M0226,M0226,SILVER BEAUTY ROOM,1,,,2,,,,,,,,1,,1,2,1,2,0.5
OD001120US,M0020,Black Lights & Air Con,,,,,2,,2,1,,,1,1,1,1,2,1,1,0.5
M0232,M0232,SILVER SHOWER CURTAIN,,2,2,2,1,,1,,,,,,1,1,1,1,1,0.5
M0153,M0153,Silver Mens Toilet Sign Circle,,,,1,,,2,,,,,,,1,,1,1,0.6
M0169,M0169,Silver Food or Drink Prohibited,2,,1,1,,2,,1,2,1,,1,,,1,1,1,0.5
M0189,M0189,BLUE Yoga in Progress CIRCLE,,,,,,1,,1,,,,2,,,,1,,0.6
OPL020001WoodUK,M0224,Whitewood Effect Meeting DND Large,,2,,,1,,,,,,1,,,,,1,,0.6
OD048010C,M0258,Copper Meeting DND,1,1,2,,,,,,,,,,,,,1,,0.6
OD010021,M0262,Green Please Ring Bell,,2,1,2,,,1,,1,,1,,,,,1,,0.5
OD058005,M0287,PRIVATE SILVER & BLACK,,,2,1,,,,1,,,,,,,,1,,0.6
OD024040,M0394,BOOT ROOM BUNDY SIGN BLACK,1,,,,,2,,1,,,1,,1,,2,1,2,0.5
OPL022006PPUK,M0470,WOOD EFFECT DOG PAW PRINT MEMORIAL,,,,,1,2,,,,,,,,,1,1,1,0.6
OD001188BW,M0685,BLACK PRAYER ROOM,,,,,,,1,2,,,,,,1,,1,1,0.6
OM009008Stone,M0773,PERSONALISED STONE HEART MEMORIAL,1,2,1,,,,,,1,2,1,,,,,1,,0.5
OD001091,M0850,BW DESIGNATED SMOKING AND VAPING,,,1,,,,,,,,,2,,,1,1,1,0.6
OD001113,M0015,Silver Wheelchair Accessible,1,1,,,1,3,,1,,,1,,,,1,1,1,0.8
OD045081BWCA,M0027,Black Husband Heart Memorial,1,1,,1,3,,1,1,1,,,,,,,1,,0.8
OPS014021GoldUS,M0096,Gold Please Ring Bell (Ex Sub),2,1,1,1,,,,,,,,,,,,1,,0.5
OD048006,M0417,SILVER PHONE CALL DND,1,2,,,1,,1,2,,,1,1,,1,,1,1,0.5
OD001200Silver,M0486,SILVER DO NOT SWITCH OFF,1,,1,,,3,,1,1,1,,1,,,1,1,1,0.7
OD045126_SILVER,M0688,SILVER MAM MEMORIAL,1,1,,,,,1,,,,,2,,,,1,,0.5
OD001188Gold,M0748,GOLD MUSLIM PRAYER ROOM,2,,1,,,,,1,,1,,,,,,1,,0.5
OD024108Gold,M0436,GOLD PLEASE USE BACK DOOR,1,,1,1,1,,,,,1,,1,1,2,2,1,2,0.4
OD024021YB,M0103,Yellow Double Sided Please Use Other Door,2,1,,1,1,1,1,,,1,2,1,1,,,1,1,0.4
OD001184Blue,M0662,BLUE DELIVERIES RING BELL,,,,,,2,,1,,1,,,1,,1,1,1,0.4
OD045073Silver,M0028,Silver Large Son Memorial,,,,1,1,2,1,1,,1,,,,,,1,,0.4
OD024021Blue,M0591,Blue Double sided please use other door,,1,1,,,,2,,,,1,,1,1,,1,1,0.4
M0079,M0079,Silver Uncle Memorial,,,,,1,2,1,,1,1,,1,,,1,1,1,0.4
OD048048Black,M0699,BLACK DELIVERIES,1,1,2,,,,1,,1,,,1,,1,,1,1,0.4
OPS014020US,M0019,Black Please Ring Bell SUB DESIGN,,,,,,,,,,,,,,,1,1,1,
OP011010BlackStandUS,M0062,Black Please Pick Up,,,1,,,,,,,,,,,,,1,,
OD001163BlackUS,M0082,Black Ring Bell For Service,,,,1,1,,,,,,,,,,,1,,0
OP014004WoodUS,M0089,Wood Lunch Break,,,1,1,,,,,,,,,,,,1,,0
OP011009WhiteStandCA,M0113,White Please Order Here,,1,1,,,,,,,,,,,,,1,,0
OD045080Gold,M0132,Gold Wife Heart Stake,,1,1,,,,,,,,1,,1,,,1,1,0
M0133,M0133,Gold Grandma Rectangular Stake,,,1,,,,,,,,,,,,,1,,
M0137,M0137,Black Rectangular Uncle Stake,1,,,,,,,,,,1,,1,,,1,1,0
OPL022001,M0145,Graphic Mum & Dad Memorial,,,1,,,,,,,,,,,,,1,,
OD048005,M0157,Silver Conference Call DND,,,,,1,,,,1,,,,,,,1,,0
OD048005G,M0158,Gold Conference Call DND,,,,,,,,,1,,,,,,,1,,
M0185,M0185,Silver AUNTIE Heart Memorial,,,1,,1,,1,,,,,,,,,1,,0
OD051007,M0197,Black Treatment Room,,,1,1,,,,,,,,,,,,1,,0
OD001168Gold,M0198,NO ALCOHOL - GOLD,,,1,,1,,,,,,,,,,,1,,0
OD001205Black,M0211,BLACK OUT TO LUNCH,,,,,,,,,1,,,,,,,1,,
M0214,M0214,SILVER FOOTBALL DND,,,,,,1,1,,1,,,,,,,1,,0
M0233,M0233,WHITE OUT TO LUNCH,,,,,,,,,1,,,,,,,1,,
OD024057BW,M0240,BLACK POOL RULES,,,,,,,,,,,1,1,,,1,1,1,0
M0244,M0244,Meet at the Rainbow Bridge - Dog Stake,,,,1,,,,,,,,,,,,1,,
M0257,M0257,Yellow Caution Hot Water,,,,1,,,,,,,,,,,,1,,
OD048060Black,M0268,Black Video Call DND,,1,,,,,,,,,,,,,,1,,
OD058013,M0293,SILVER & BLACK SHOWER ROOM,,,,,,,,,,,,,,1,,1,1,
OM003016,M0313,GOLD UNCLE HEART MEMORIAL,,,,,,,,1,,,,,,,,1,,
OD001056,M0336,SILVER MIND THE STEP,,,,,,1,,,,,,,,,,1,,
M0337,M0337,SILVER FATHERS DAY MEMORIAL,,,,,1,,,,,,,,,,,1,,
OD001167Blue,M0339,BLUE PLEASE SHOWER,,,,,1,,1,,1,,,,,,,1,,0
OM003030Gold,M0347,GOLD AUNT HEART STAKE,,,,,,,,,,,1,,,1,1,1,1,0
OPL012009GreenUK,M0348,GREEN HORSES LOOSE,,1,,1,,,,,,,,,,,,1,,0
OD045035CCA,M0351,COPPER DAD REC STAKE,,,,,,1,,,,,,,,,,1,,
OD001176BW,M0359,BLACK MUSLIM PRAYER ROOM,,,,,,,,,,,,,,,1,1,1,
OD001176Gold,M0360,GOLD MUSLIM PRAYER ROOM,1,,1,,,,,,,,,,,,,1,,0
OD058019,M0363,SILVER DRESSING ROOM,,,,1,,,,,,,,,,,,1,,
OD045082Copper,M0364,COPPER HEART FRIEND MEMORIAL,,,,1,,,,,1,,,,,,,1,,0
OD001189Copper,M0366,COPPER HALAL,,,,1,,,,,,,,,,,,1,,
OD045083BW,M0369,BLACK WIFE MEMORIAL REC,,,,1,1,,,,,,,,,,,1,,0
OM008044US,M0375,MARBLE Dad Heart Memorial,,,,,,1,,,,,,,,,,1,,
OPL021001CA,M0388,White Large Video Call DND,,,,,1,,,,,,,,,,,1,,
M0403,M0403,BLACK TOILET RIGHT,,,,,1,,,,,,,,,,,1,,
OD045101,M0405,BLACK BROTHER MEMORIAL,,,,1,,,,,,,,,,,,1,,
OD045068Copper,M0415,COPPER HEART FLOATING MUM MEMORIAL,,,,1,,,,,,,,,,,,1,,
OD010051Black,M0423,BLACK DO NOT BE RUDE,1,,,,,,,,,1,1,1,,1,1,1,1,0
OD024041,M0433,BLACK POWDER ROOM,,1,,1,,,,,1,,,,,,,1,,0
OD045036BW,M0434,Black and white Mum and Dad Rectangular Memorial,,,1,1,1,,,1,,,,,1,,,1,1,0
OD001183LBW,M0445,BLACK DELIVERIES,,,,,1,,,,,,,,,,,1,,
OM003014Copper,M0456,COPPER UNCLE MEMORIAL,,,1,,,,,,,,,,1,,,1,1,0
OD010051Silver,M0458,SILVER PLEASE DO NOT BE RUDE,,,,,1,,,,,,,,,,1,1,1,0
OD045067Silver,M0462,SILVER DAD HEART STAKE,1,,,,,,,,,,,,1,,,1,1,0
OD045037,M0463,SILVER SISTER REC STAKE,,,1,,,,,,,,,,,,,1,,
OD045080BW,M0464,BLACK HEART WIFE STAKE,,,,,,1,,1,1,1,1,,,,1,1,1,0
OM003013Gold,M0484,GOLD AUNTIE MEMORIAL,,,1,,,,,,,,,,,,,1,,
OM001036Silver,M0485,SILVER MUM AND DAD PLAQUE,,,,,,,,1,,,,,,,,1,,
OD042038DogsGSGUS,M0493,GOLD GERMAN SHEPHERD BEWARE OF THE DOGS,,,,,,1,,,,,,,,,,1,,
OD042038DogsGSCUS,M0494,COPPER GERMAN SHEPHERD BEWARE OF THE DOGS,,,,,,,1,1,1,1,1,1,1,,,1,1,0
OD042038dog/G/GSmedium_UK,M0526,GOLD BEWARE OF DOG - GERMAN SHEPHERD - MEDIUM,,,,,1,,,,,,,,,,,1,,
OPL013005,M0535,PINK A5 CARD PAYMENTS ONLY,,,,,1,,,,,,,,,,,1,,
OD001156Yellow,M0536,YELLOW OVER 18S ONLY,,,,,1,,,,,,,,,,,1,,
OD052005Black,M0541,BLACK PLEASE DO NOT PICK THE FLOWERS REC STAKE,,,,,1,,,,,,,,,,,1,,
OM003015Copper,M0567,COPPER AUNTIE HEART STAKE,,1,,,,,,,,,,,,,,1,,
OD024084BW,M0574,BLACK HOT TUB RULES,,,,,,,,,,,,,,1,,1,1,
OD042038DOGS/G/GSmedium_UK,M0576,GOLD BEWARE OF DOGS - GERMAN SHEPHERD - MEDIUM,,,,,1,,,,,,,,,,,1,,
M0577,M0577,GRAPHICS POOL RULES,,,,,,,,,,,,,1,1,1,1,1,0
OD024021Red,M0586,RED Double Sided Please Use Other Door,,,,,,,,,,,,,,,1,1,1,
OD048059,M0592,DND Pink Bring Prosecco sign,,,,,,,,1,,,,,,,,1,,
OD010015Left,M0596,BLACK BEER GARDEN (LEFT),,,,,1,,,1,,1,,,,,,1,,0
OD001162Granite,M0597,GRANITE RING BELL,,,,,1,,,,,,,,,,,1,,
OD024053Gd,M0599,WALNUT GARDEN SHED SIGN - GRANDAD,,,,,,1,,,,,,,,,,1,,
OP011009BlackAdhesiveUS,M0606,BLACK PLEASE ORDER HERE,,,1,,,,,,,,,,,,,1,,
OD001153Silver,M0624,SILVER - CAUTION HOT TUB SIGN,,,,,,1,,,,,,,,,,1,,
OD045082Silver,M0629,SILVER HEART FRIEND MEMORIAL,,,,,,,1,,,,,,,,,1,,
M0631ETSY,M0631,SILVER AUTOMATIC HAND DISPENSER,,,,,,,,,,,,,,,1,1,1,
OD048012,M0632,SILVER PLEASE KNOCK DND,,,,,,1,,,,,,,,,,1,,
OD042038DOGS/G/RWmedium_UK,M0637,GOLD MEDIUM ROTTWEILER BEWARE OF THE DOGS,,,,,,1,,,,,,,,,,1,,
OD068008_UK,M0653,RICHARD OSMAN EYE PROTECTION,,,,,,1,,,,,,,,,,1,,
OD045085GoldUK,M0656,GOLD FRIEND REC STAKE,,1,,,,,,,,,,,,,,1,,
OD045035_SMALL,M0661,Silver Dad Stake Memorial SMALL HUMP,,,1,,,1,,,,,,,,,,1,,0
OD024043,M0676,BW UTILITY ROOM DOOR SIGN,1,1,,,,,,,,,,,,,,1,,0
OD048041Silver,M0678,SILVER BABY SLEEPING DND,,,1,,,,,,,,,,,,,1,,
OD024045BW,M0721,BLACK CLEAN MICOWAVE,,,,,,,1,,,,,,,,,1,,
OD001151SBlue,M0722,BLUE PLEASE SHOWER HOT TUB,,,,,,,1,,,,,,,,,1,,
OD051008,M0724,BLACK THERAPY ROOM,,,1,,,,1,,,,,,1,,,1,1,0
OD048014silverAU,M0727,DND TOILET IN USE SIGN - SILVER - KIM,,,,,,,,,1,,,1,,,,1,,0
OD045063,M0739,GRANITE DAD MEMORIAL,,,,,,,,1,,,,,,,,1,,
M0740,M0740,GRAPHIC LIVESTOCK,,,,,,,,,,,,,1,,1,1,1,0
M0742,M0742,LIVESTOCK WORRYING BLACK SIGN,,,,,,,,,,,,,,1,1,1,1,0
OD010042GenericW,M0746,PINE OUTDOOR SEATING,,,,,,,,,,,,,,,1,1,1,
OD010027Yellow,M0754,YELLOW B&B SIGN,,,,,,,,1,,,,,,,,1,,
OD001144G,M0771,GOLD SMOKE FREE BUILDING,,,,,,,,,1,,,,,,,1,,
M0799,M0799,SILVER DRINKING WATER MEDIUM,,,,,,,,,,,,,,1,,1,1,
M0802,M0802,GOLD CAUTION HOT SURFACE,,,,,,,,,,,,,1,1,1,1,1,0
OM009004,M0805,MEET ME AT RAINBOW BRIDGE - CAT,1,,,,,,,,1,,,,,,1,1,1,0
OD001161LW,M0815,LEFT - THIS WAY POINTING FINGER - WHITE,,,,,,,,,1,,1,,1,,,1,1,0
OD045034Copper,M0833,COPPER MUM MEMORIAL,,,,,,,,,,,,,,1,,1,1,
OP011009WhiteAdhesiveUK,M0854,WHITE ADHESIVE PLEASE ORDER HERE,,,,,,,,,,,,,,,1,1,1,
OD045082BW,M0861,BW HEART SPECIAL FRIEND MEMORIAL,,,,,,,,,,1,,1,,,,1,,0
OD001161LGold,M0880,GOLD LEFT FINGER THIS WAY,,,,,,,,,,,1,,,,,1,,
OD001161RGold,M0881,GOLD RIGHT FINGER THIS WAY,,,,,,,,,,,1,,,,,1,,
OD048021,M0903,SILVER WATCHING RUGBY DND,,1,,,,,,,,,,,,,,1,,
OD001152Yellow,M0905,YELLOW NO GLASS HOT TUB,,1,,,,,,,,,,1,,,,1,,0
M0912,M0912,GREEN - PRIVATE DRIVEWAY SIGN,,,,,,,,,,,,,,,1,1,1,
M0927,M0927,PERSONALISED SILVER PLEASE KNOCK,,,,,,,,,,,,,,,1,1,1,
OP010002A5Adhesive,M0928,TORQUIOSE FREE WIFI SIGN,,,,,,,,,,,,,1,,,1,1,
