sku,MASTER SKU,DESCRIPTION,Apr-25,Mar-25,TRIMMED MEAN,3 Month MEAN,SD
2785,M0195,ACCESSIBLE TOILET - GOLD,4,0,2.0,2.0,2.8284271247461903
2786,M0353,SILVER ACCESSIBLE TOILET & BABY CHANGE,9,0,4.5,4.5,6.363961030678928
2788,M0264,Rainbow (WOKE) Please Ring Bell,1,0,0.5,0.5,0.7071067811865476
75-OGON-WOB6,M0216,BLACK TEA COFFEE,6,0,3.0,3.0,4.242640687119285
M0016,M0016,WHITEWOOD Lunch Break,1,0,0.5,0.5,0.7071067811865476
M0075,M0075,Black Hot Tub Rules,10,0,5.0,5.0,7.0710678118654755
M0154,M0154,Silver Disabled Toilet Sign,7,0,3.5,3.5,4.949747468305833
M0163,M0163,Silver Ladies Toilet Sign - DICK,1,0,0.5,0.5,0.7071067811865476
M0164,M0164,Silver Mens Toilet Sign - DICK,1,0,0.5,0.5,0.7071067811865476
M0199,M0199,White Do Not Flush Stand,59,1,30.0,30.0,41.012193308819754
M0323,M0323,SILVER UNISEX TOILET CIRCLE,33,0,16.5,16.5,23.33452377915607
M0324,M0324,SILVER UNISEX TOILET DICK,2,0,1.0,1.0,1.4142135623730951
M0329,M0329,BLACK LADIES TOILET,1,0,0.5,0.5,0.7071067811865476
M0340,M0340,BLACK MENS TOILET,2,0,1.0,1.0,1.4142135623730951
M0343,M0343,BLACK UNISEX TOILET,5,1,3.0,3.0,2.8284271247461903
M0481,M0481,WHITE CIRCULAR PUSH PULL,1,1,1.0,1.0,0.0
M0577,M0577,GRAPHICS POOL RULES,3,0,1.5,1.5,2.1213203435596424
M0608,M0608,SILVER NO ALCOHOL,2,1,1.5,1.5,0.7071067811865476
M0610-2,M0610,BLACK PRIVATE PROPERTY,1,0,0.5,0.5,0.7071067811865476
M0631UK,M0631,SILVER AUTOMATIC HAND DISPENSER,1,0,0.5,0.5,0.7071067811865476
M0634Black - Cat,M0634Black - Cat,,3,0,1.5,1.5,2.1213203435596424
M0634S - CAT - BLACK,M0634,PERSONALISED MEMORIAL,12,1,6.5,6.5,7.7781745930520225
M0634S - CAT - COPPER,M0634,PERSONALISED MEMORIAL,3,0,1.5,1.5,2.1213203435596424
M0650UK,M0650,BLACK RESIDENTS PARKING ONLY,6,0,3.0,3.0,4.242640687119285
M0669UK,M0669,BLACK PLEASE RING BUZZER,1,0,0.5,0.5,0.7071067811865476
M0670UK,M0670,WHITE - CASH PAYMENTS ONLY,3,0,1.5,1.5,2.1213203435596424
M0680Gold - Cat,M0680Gold - Cat,,0,1,0.5,0.5,0.7071067811865476
M0680Silver - Cat,M0634,PERSONALISED MEMORIAL,5,0,2.5,2.5,3.5355339059327378
M0680Slate,M0680,SLATE PERSONALISED PHOTO MEMORIAL,1,0,0.5,0.5,0.7071067811865476
M0680Slate,M0774,PERSONALISED SLATE RECTANGULAR PHOTO MEMORIAL,1,0,0.5,0.5,0.7071067811865476
M0680Stone,M0680,STONE PERSONALISED PHOTO MEMORIAL,3,0,1.5,1.5,2.1213203435596424
M0693UK,M0693,SILVER PLEASE KNOCK,3,0,1.5,1.5,2.1213203435596424
M0696UK,M0696,WHITE - SHOWER,3,0,1.5,1.5,2.1213203435596424
M0697UK,M0697,WHITE HOT WATER,4,0,2.0,2.0,2.8284271247461903
M0700,M0700,BLACK DRIVEWAY,3,0,1.5,1.5,2.1213203435596424
M0705,M0705,PRIVATE LAND NO ACCESS,38,0,19.0,19.0,26.870057685088806
M0712,M0712,BLACK CHALLENGE 25 SIGN,2,0,1.0,1.0,1.4142135623730951
M0725,M0725,BLACK PRIVATE,4,0,2.0,2.0,2.8284271247461903
M0726,M0726,SILVER NO ENTRY STAFF ONLY,28,0,14.0,14.0,19.79898987322333
M0740,M0740,GRAPHIC LIVESTOCK,2,0,1.0,1.0,1.4142135623730951
M0743,M0743,YELLOW VEHICLES LEFT AT OWNERS RISK,13,0,6.5,6.5,9.192388155425117
M0750,M0750,CAR PARK DISCLAIMER - BLUE YELLOW SIGN,6,1,3.5,3.5,3.5355339059327378
M0753,M0753,SILVER BABY CHANGING SIGN,4,0,2.0,2.0,2.8284271247461903
M0756,M0756,SILVER WASH YOUR HANDS,5,1,3.0,3.0,2.8284271247461903
M0760,M0760,SILVER SIGN - KEEP HOT TUB COVERED WHEN NOT IN USE,4,0,2.0,2.0,2.8284271247461903
M0762,M0762,YELLOW CCTV,1,0,0.5,0.5,0.7071067811865476
M0780UK,M0780,SILVER IN CASE OF FIRE,1,0,0.5,0.5,0.7071067811865476
M0782UK,M0782,CIRCULAR PUSH AND PULLS SILVER - DRACULA,4,0,2.0,2.0,2.8284271247461903
M0783,M0783,BLACK SEPTIC TANK MEDIUM ADHESIVE - MYRA,1,0,0.5,0.5,0.7071067811865476
M0795,M0795,WHITE LUNCH BREAK MEDIUM - TWINE,1,0,0.5,0.5,0.7071067811865476
M0798,M0798,SILVER PARCEL BOX TEXT LARGE,1,0,0.5,0.5,0.7071067811865476
M0801UK,M0801,GOLD CAUTION HOT SURFACE,4,0,2.0,2.0,2.8284271247461903
M0802UK,M0802,GOLD CAUTION HOT SURFACE,3,0,1.5,1.5,2.1213203435596424
M0856,M0856,BLACK CLIENT PARKING,4,0,2.0,2.0,2.8284271247461903
M0873,M0873,RED STRICTLY NO ADMITTANCE,2,0,1.0,1.0,1.4142135623730951
M0912,M0912,GREEN - PRIVATE DRIVEWAY SIGN,3,0,1.5,1.5,2.1213203435596424
M0933,M0933,GOLD NO JUNK MAIL,9,0,4.5,4.5,6.363961030678928
OC062001_L_UK,M0683,PERSONALISED BRASS PLAQUE,1,0,0.5,0.5,0.7071067811865476
OC062001_M_UK,M0682,PERSONALISED BRASS PLAQUE,3,0,1.5,1.5,2.1213203435596424
OD001024SmallUK,M0467,BLACK PRIVATE,1,0,0.5,0.5,0.7071067811865476
OD001035BW,M0050,Black Double Sided Open Closed,2,0,1.0,1.0,1.4142135623730951
OD001035RW,M0853,RED DOUBLE SIDED OPEN AND CLOSED,1,0,0.5,0.5,0.7071067811865476
OD001044BW,M0563,BLACK VACANCIES,1,1,1.0,1.0,0.0
OD001055,M0041,Gold Mind The Step,20,2,11.0,11.0,12.727922061357855
OD001057,M0701,GOLD BABY CHANGE,1,0,0.5,0.5,0.7071067811865476
OD001058,M0883,SILVER BABY CHANGE - IDI,3,0,1.5,1.5,2.1213203435596424
OD001061,M0003,Silver Push Pull,139,0,69.5,69.5,98.2878425849301
OD001061Merchant,M0003,Silver Push Pull,10,2,6.0,6.0,5.656854249492381
OD001062,M0012,Gold Push Pull,44,7,25.5,25.5,26.16295090390226
OD001082S,M0471,BLACK NO ENTRY,1,0,0.5,0.5,0.7071067811865476
OD001090,M0570,BW DESIGNATED SMOKING AREA,4,0,2.0,2.0,2.8284271247461903
OD001099BW,M0236,BLACK PLEASE LEAVE TOILET,1,0,0.5,0.5,0.7071067811865476
OD001100S,M0030,Silver Hand Dryer,6,0,3.0,3.0,4.242640687119285
OD001103S,M0611,SILVER CAUTION HOT TOWEL RAIL,1,1,1.0,1.0,0.0
OD001104S,M0335,SILVER TURN OFF LIGHTS,4,0,2.0,2.0,2.8284271247461903
OD001105Gold,M0056,Gold Caution Hot Water,18,0,9.0,9.0,12.727922061357855
OD001105S,M0005,Silver Caution Hot Water,93,1,47.0,47.0,65.05382386916237
OD001105S_Merchant,M0005,Silver Caution Hot Water,4,0,2.0,2.0,2.8284271247461903
OD001110S,M0013,Silver In Case of Fire Do Not Use Elevator,15,0,7.5,7.5,10.606601717798213
OD001112S,M0071,Silver Drinking Water,12,0,6.0,6.0,8.48528137423857
OD001114S,M0123,Silver No Dogs Allowed,6,0,3.0,3.0,4.242640687119285
OD001120,M0020,Black Lights & Air Con,4,1,2.5,2.5,2.1213203435596424
OD001121,M0249,SILVER FIRE EXTINGUISHER,2,0,1.0,1.0,1.4142135623730951
OD001124,M0243,Silver Lift Sign UK/AU,3,0,1.5,1.5,2.1213203435596424
OD001127,M0059,Silver No Admittance,3,0,1.5,1.5,2.1213203435596424
OD001128,M0006,Silver Authorised Personnel Only,11,0,5.5,5.5,7.7781745930520225
OD001129,M0334,SILVER KEEP DOOR CLOSED,6,0,3.0,3.0,4.242640687119285
OD001142Silver,M0684,SILVER STAFF BREAK ROOM,2,1,1.5,1.5,0.7071067811865476
OD001143S,M0432,Silver Designated Smoking Area - Saville,2,0,1.0,1.0,1.4142135623730951
OD001144G,M0771,GOLD SMOKE FREE BUILDING,1,0,0.5,0.5,0.7071067811865476
OD001150Gold,M0023,Gold Caution Hot Surface,8,1,4.5,4.5,4.949747468305833
OD001150Red,M0022,Red Caution Hot Surface,9,0,4.5,4.5,6.363961030678928
OD001150Silver,M0031,Silver Caution Hot Surface,32,1,16.5,16.5,21.920310216782973
OD001151Silver,M0212,SILVER PLEASE SHOWER HOT TUB,4,0,2.0,2.0,2.8284271247461903
OD001152Silver,M0407,SILVER NO GLASS IN HOT TUB,4,0,2.0,2.0,2.8284271247461903
OD001152YGold,M0256,Gold No Glass In Hot Tub,3,0,1.5,1.5,2.1213203435596424
OD001154Gold,M0663,GOLD SHOWER SIGN,2,0,1.0,1.0,1.4142135623730951
OD001154Silver,M0283,Silver Shower Sign,6,0,3.0,3.0,4.242640687119285
OD001156Gold,M0220,GOLD OVER 18,3,0,1.5,1.5,2.1213203435596424
OD001156Silver,M0150,Silver Over 18,1,0,0.5,0.5,0.7071067811865476
OD001157Gold,M0317,GOLD OVER 21 ONLY,3,0,1.5,1.5,2.1213203435596424
OD001157Silver,M0594,OVER 21'S ONLY (Circle),5,0,2.5,2.5,3.5355339059327378
OD001158Gold,M0585,GOLD ADULTS ONLY OVER 18,1,0,0.5,0.5,0.7071067811865476
OD001161RW,M0765,WHITE RIGHT THIS WAY,1,0,0.5,0.5,0.7071067811865476
OD001162Black,M0044,Black Please Ring Bell,6,0,3.0,3.0,4.242640687119285
OD001162Gold,M0070,Gold Please Ring Bell,1,0,0.5,0.5,0.7071067811865476
OD001162Gold_FR,OD001162Gold_FR,,3,0,1.5,1.5,2.1213203435596424
OD001162Red,M0017,Red Please Ring Bell,3,0,1.5,1.5,2.1213203435596424
OD001162Silver,M0011,Silver Please Ring Bell,12,1,6.5,6.5,7.7781745930520225
OD001162Stone,M0419,STONE PLEASE RING BELL,1,0,0.5,0.5,0.7071067811865476
OD001163Black,M0082,Black Ring Bell For Service,2,0,1.0,1.0,1.4142135623730951
OD001163Silver,M0014,Silver Ring Bell For Service,3,0,1.5,1.5,2.1213203435596424
OD001168Black,M0203,NO ALCOHOL - BLACK,1,0,0.5,0.5,0.7071067811865476
OD001176Gold,M0360,GOLD MUSLIM PRAYER ROOM,1,0,0.5,0.5,0.7071067811865476
OD001184BW,M0643,BW DELIVERIES PLEASE RING BELL,1,0,0.5,0.5,0.7071067811865476
OD001184Silver,M0519,SILVER DELIVERIES PLEASE RING BELL,4,0,2.0,2.0,2.8284271247461903
OD001187BW,M0376,BLACK MULTI FAITH,1,0,0.5,0.5,0.7071067811865476
OD001187Gold,M0457,GOLD MULTI FAITH,1,0,0.5,0.5,0.7071067811865476
OD001187Silver,M0033,Silver Multi Faith,3,1,2.0,2.0,1.4142135623730951
OD001188Silver,M0544,SILVER MUSLIM PRAYER ROOM,3,0,1.5,1.5,2.1213203435596424
OD001191Black,M0204,Black Out of Order,4,0,2.0,2.0,2.8284271247461903
OD001195Black,M0202,Black No Glass in Bin,1,0,0.5,0.5,0.7071067811865476
OD001195Red,M0529,RED NO GLASS IN BIN,7,0,3.5,3.5,4.949747468305833
OD001198Black,M0004,Black Parcel Box Icon,4,0,2.0,2.0,2.8284271247461903
OD001198Copper,M0246,Copper Parcel Box Icon,1,0,0.5,0.5,0.7071067811865476
OD001198Gold,M0057,Gold Parcel Box ICON,2,1,1.5,1.5,0.7071067811865476
OD001198Silver,M0007,Silver Parcel Box Icon,4,1,2.5,2.5,2.1213203435596424
OD001199Brass,M0032,Copper Parcel Box TEXT,20,1,10.5,10.5,13.435028842544403
OD001199BrassFR,OD001199BrassFR,,2,0,1.0,1.0,1.4142135623730951
OD001199Gold,M0048,Gold Parcel Box TEXT,20,0,10.0,10.0,14.142135623730951
OD001199Silver,M0002,Silver Parcel Box Text,95,4,49.5,49.5,64.34671708797582
OD001199SilverFR,M0945,SILVER FRENCH PARCEL BOX,2,1,1.5,1.5,0.7071067811865476
OD001200Silver,M0486,SILVER DO NOT SWITCH OFF,1,0,0.5,0.5,0.7071067811865476
OD001201Gold,M0874,GOLD PUSH BUTTON TO OPEN,3,0,1.5,1.5,2.1213203435596424
OD001201Silver,OD001201Silver,,1,0,0.5,0.5,0.7071067811865476
OD001203Gold,M0814,GOLD CAUTION AUTOMATIC DOORS SIGN,6,0,3.0,3.0,4.242640687119285
OD001204,M0251,Black Push Pull Rectangular,12,1,6.5,6.5,7.7781745930520225
OD001209CopperUK,M0051,Copper Circular Push Pull,5,0,2.5,2.5,3.5355339059327378
OD001209GoldUK,M0009,Gold Circular Push Pull,16,3,9.5,9.5,9.192388155425117
OD001209SilverUK,M0001,Silver Circular Push Pull,64,2,33.0,33.0,43.840620433565945
OD001210BWUK,M0052,Black Circular Push Pull,3,0,1.5,1.5,2.1213203435596424
OD001216_GOLD,M0194,CCTV IN OPERATION - GOLD,3,0,1.5,1.5,2.1213203435596424
OD010015Left,M0596,BLACK BEER GARDEN (LEFT),1,0,0.5,0.5,0.7071067811865476
OD010016,M0350,BLACK DOG FRIENDLY PUB,8,0,4.0,4.0,5.656854249492381
OD010023,M0733,BLACK SANITARY BIN,3,0,1.5,1.5,2.1213203435596424
OD010023WhiteUK,M0482,WHITE SANITARY BIN,1,0,0.5,0.5,0.7071067811865476
OD010025Black,M0588,BLACK CAR PARK FOR PATRONS ONLY,3,0,1.5,1.5,2.1213203435596424
OD010025Blue,M0525,BLUE CAR PARK FOR PATRONS ONLY,1,0,0.5,0.5,0.7071067811865476
OD010025Red,M0675,RED CAR PARK FOR PATRONS ONLY,2,0,1.0,1.0,1.4142135623730951
OD010027Copper,M0862,COPPER B&B,0,1,0.5,0.5,0.7071067811865476
OD014002DarkBlue,M0161,Dark Blue Septic Tank Adhesive,7,0,3.5,3.5,4.949747468305833
OD014002LightBlue,M0160,Light Blue Septic Tank Adhesive,3,0,1.5,1.5,2.1213203435596424
OD014002White,M0173,White Septic Tank Adhesive,10,0,5.0,5.0,7.0710678118654755
OD024021BW,M0037,Black Double Sided Please Use Other Door,9,0,4.5,4.5,6.363961030678928
OD024039,M0035,Black Septic Tank,12,0,6.0,6.0,8.48528137423857
OD024040,M0394,BOOT ROOM BUNDY SIGN BLACK,1,0,0.5,0.5,0.7071067811865476
OD024051BW,M0075,Black Hot Tub Rules,10,0,5.0,5.0,7.0710678118654755
OD024051Blue,M0396,BLUE HOT TUB SIGN,5,0,2.5,2.5,3.5355339059327378
OD024068CAUK,M0156,Carbon Ash Septic Tank Adhesive,5,0,2.5,2.5,3.5355339059327378
OD024084BW,M0574,BLACK HOT TUB RULES,2,0,1.0,1.0,1.4142135623730951
OD024096,M0054,Rustic Septic Tank,18,0,9.0,9.0,12.727922061357855
OD024108Gold,M0436,GOLD PLEASE USE BACK DOOR,1,0,0.5,0.5,0.7071067811865476
OD024108Silver,M0171,Silver Please Use Back Door,9,0,4.5,4.5,6.363961030678928
OD024109Gold,M0217,GOLD SEPTIC TANK,2,3,2.5,2.5,0.7071067811865476
OD024109Silver,M0276,SILVER SEPTIC TANK,11,0,5.5,5.5,7.7781745930520225
OD024110,M0085,Emoji Septic System,9,0,4.5,4.5,6.363961030678928
OD042004,M0634,PERSONALISED MEMORIAL,29,3,16.0,16.0,18.384776310850235
OD042004Gold,M0634,PERSONALISED MEMORIAL,1,0,0.5,0.5,0.7071067811865476
OD042004Silver,M0634,SILVER PERSONALISED MEMORIAL,2,0,1.0,1.0,1.4142135623730951
OD042004UKPhoto,M0680,SILVER PERSONALISED PHOTO MEMORIAL,2,0,1.0,1.0,1.4142135623730951
OD042005Silver,M0634,SILVER PERSONALISED MEMORIAL,9,0,4.5,4.5,6.363961030678928
OD042006,M0634,SILVER PERSONALISED MEMORIAL,1,0,0.5,0.5,0.7071067811865476
OD042007UK,M0634,SILVER PERSONALISED MEMORIAL,10,0,5.0,5.0,7.0710678118654755
OD042013,M0634,SILVER PERSONALISED MEMORIAL,8,0,4.0,4.0,5.656854249492381
OD042024Dogs,OD042024Dogs,,5,0,2.5,2.5,3.5355339059327378
OD042026LAB,M0974,"SILVER LABRADOR MEMORIAL DICK, TOM",1,0,0.5,0.5,0.7071067811865476
OD042038DOGS/S/GSlarge/UK,M0590,SILVER BEWARE OF DOGS - GERMAN SHEPHERD - LARGE,1,0,0.5,0.5,0.7071067811865476
OD042038DogGSCUK,M0102,Copper Beware Of the Dog German Shepherd,3,0,1.5,1.5,2.1213203435596424
OD042038DogGSGUK,M0492,GOLD GERMAN SHEPHERD BEWARE OF THE DOG,3,0,1.5,1.5,2.1213203435596424
OD042038DogGSSUK,M0077,Silver Beware of the DOG (German Shepherd),31,1,16.0,16.0,21.213203435596427
OD042038DogsGSCUK,M0494,COPPER GERMAN SHEPHERD BEWARE OF THE DOGS,2,0,1.0,1.0,1.4142135623730951
OD042038DogsSSUK,M0475,SILVER STAFFY BEWARE OF THE DOGS,2,0,1.0,1.0,1.4142135623730951
OD04214,M0634,SILVER PERSONALISED MEMORIAL,1,0,0.5,0.5,0.7071067811865476
OD045003,M0634,SILVER PERSONALISED MEMORIAL,49,0,24.5,24.5,34.64823227814083
OD045003Black,M0634,PERSONALISED MEMORIAL,27,1,14.0,14.0,18.384776310850235
OD045003Copper,M0634,COPPER PERSONALISED MEMORIAL,6,0,3.0,3.0,4.242640687119285
OD045003Gold,M0634,GOLD PERSONALISED MEMORIAL,19,2,10.5,10.5,12.020815280171307
OD045004_1,M0634,SILVER PERSONALISED MEMORIAL,176,14,95.0,95.0,114.5512985522207
OD045004_1Copper,M0634,COPPER PERSONALISED MEMORIAL,44,0,22.0,22.0,31.11269837220809
OD045004_1Gold,M0634,GOLD PERSONALISED MEMORIAL,76,0,38.0,38.0,53.74011537017761
OD045004_1Silver,M0634,SILVER PERSONALISED MEMORIAL,65,3,34.0,34.0,43.840620433565945
OD045008Contemporary,M0634,PERSONALISED MEMORIAL,1,0,0.5,0.5,0.7071067811865476
OD045008Elegant,M0634,PERSONALISED MEMORIAL,1,0,0.5,0.5,0.7071067811865476
OD045026UKGraphic,M0634,PERSONALISED MEMORIAL,10,0,5.0,5.0,7.0710678118654755
OD045032Gold,OD045032Gold,,2,0,1.0,1.0,1.4142135623730951
OD045032Silver,M0634,SILVER PERSONALISED MEMORIAL,2,0,1.0,1.0,1.4142135623730951
OD045034 Gold,M0540,GOLD MUM MEMORIAL,7,0,3.5,3.5,4.949747468305833
OD045034SilverFABuk,M0055,Silver Mum Memorial,12,1,6.5,6.5,7.7781745930520225
OD045035,M0108,Silver Dad Memorial REC REGULAR,5,0,2.5,2.5,3.5355339059327378
OD045035Gold,M0532,GOLD DAD REC STAKE,2,0,1.0,1.0,1.4142135623730951
OD045036,M0045,Silver Mum & Dad Memorial,13,1,7.0,7.0,8.48528137423857
OD045038,M0139,Silver Brother Rectangular Stake,3,1,2.0,2.0,1.4142135623730951
OD045042,M0528,SILVER NANA REC STAKE,4,0,2.0,2.0,2.8284271247461903
OD045048Gold,OD045048Gold,,2,0,1.0,1.0,1.4142135623730951
OD045049Copper,OD045049Copper,,3,0,1.5,1.5,2.1213203435596424
OD045049Gold,M0634,PERSONALISED MEMORIAL,4,0,2.0,2.0,2.8284271247461903
OD045049Silver,M0634,PERSONALISED MEMORIAL,3,0,1.5,1.5,2.1213203435596424
OD045056,M0109,Black Dad Heart Memorial,1,0,0.5,0.5,0.7071067811865476
OD045057,M0634,SILVER PERSONALISED MEMORIAL,2,0,1.0,1.0,1.4142135623730951
OD045072Silver,M0273,Silver Daughter Rectangular Memorial,1,0,0.5,0.5,0.7071067811865476
OD045073Copper,M0451,COPPER SON RECT MEMORIAL,1,0,0.5,0.5,0.7071067811865476
OD045080BW,M0464,BLACK HEART WIFE STAKE,2,0,1.0,1.0,1.4142135623730951
OD045081Copper,M0450,Copper Husband Heart Memorial,1,0,0.5,0.5,0.7071067811865476
OD045081Silver,M0063,Silver Heart Husband Memorial,3,0,1.5,1.5,2.1213203435596424
OD045085Black,M0084,Black Friend Memorial,3,0,1.5,1.5,2.1213203435596424
OD045085Copper,OD045085Copper,,4,0,2.0,2.0,2.8284271247461903
OD045085Silver,M0097,Silver Special Friend Memorial,5,0,2.5,2.5,3.5355339059327378
OD045100,M0025,Silver Brother Heart Memorial,3,0,1.5,1.5,2.1213203435596424
OD045100Gold,M0476,GOLD BROTHER HEART STAKE,1,0,0.5,0.5,0.7071067811865476
OD045101,M0405,BLACK BROTHER MEMORIAL,1,0,0.5,0.5,0.7071067811865476
OD048002NEW,M0531,YELLOW GAMING DND,4,0,2.0,2.0,2.8284271247461903
OD048010,M0042,Silver Meeting in Progress,9,1,5.0,5.0,5.656854249492381
OD048024,M0447,SILVER ARTIST DND,3,0,1.5,1.5,2.1213203435596424
OD048025,M0241,Silver Genius At Work DND,1,0,0.5,0.5,0.7071067811865476
OD048027,M0278,SILVER POWER NAP DND,1,0,0.5,0.5,0.7071067811865476
OD048028,M0093,Silver In Bath DND,4,1,2.5,2.5,2.1213203435596424
OD048040,M0362,SILVER MASSAGE IN PROGRESS DND,1,0,0.5,0.5,0.7071067811865476
OD048063RW,M0474,RED RECORDING IN PROGRESS DND,4,1,2.5,2.5,2.1213203435596424
OD051002,M0201,Silver Massage Room,2,0,1.0,1.0,1.4142135623730951
OD051004,M0371,Silver Therapy Room Door Sign (Black Back),1,0,0.5,0.5,0.7071067811865476
OD058004,M0285,RECEPTION SILVER & BLACK,2,0,1.0,1.0,1.4142135623730951
OD058009,M0679,SILVER BLACK ADHESIVE SIGN FUNCTION ROOM,3,0,1.5,1.5,2.1213203435596424
OD058017,M0943,SILVER WAITING ROOM,1,0,0.5,0.5,0.7071067811865476
OD062001Grey,M0230,GREY ALL GENDER TOILET,1,0,0.5,0.5,0.7071067811865476
OD062003Black,M0038,Black Accessible Toilet,4,0,2.0,2.0,2.8284271247461903
OD062003Grey,M0036,Grey Accessible Toilet,3,1,2.0,2.0,1.4142135623730951
OD062005Black,OD062005Black,,6,0,3.0,3.0,4.242640687119285
OD067001,M0034,Fixings Set,26,1,13.5,13.5,17.67766952966369
OD068003,M0642,A4 Site Safety Sign,3,0,1.5,1.5,2.1213203435596424
OD45070Gold,OD45070Gold,,1,0,0.5,0.5,0.7071067811865476
OM001036Gold,OM001036Gold,,3,0,1.5,1.5,2.1213203435596424
OM003013Coper,M0747,COPPER AUNTIE MEMORIAL,1,0,0.5,0.5,0.7071067811865476
OM003013Gold,M0484,GOLD AUNTIE MEMORIAL,1,0,0.5,0.5,0.7071067811865476
OM003021Black,M0122,Black Cousin Rectangular Stake,1,0,0.5,0.5,0.7071067811865476
OM003025,OM003025,,0,2,1.0,1.0,1.4142135623730951
OM003025L,M0779,PERSONALISED LARGE METALLIC ISLAMIC MEMORIAL,10,1,5.5,5.5,6.363961030678928
OM003025LBW,M0634,PERSONALISED MEMORIAL,9,1,5.0,5.0,5.656854249492381
OM003025LBWUKPhoto,OM003025LBWUKPhoto,,1,0,0.5,0.5,0.7071067811865476
OM003025LUKPhoto,M0634,PERSONALISED MEMORIAL,1,0,0.5,0.5,0.7071067811865476
OM003030Gold,M0347,GOLD AUNT HEART STAKE,1,0,0.5,0.5,0.7071067811865476
OM003030Silver,M0094,Silver Aunt Heart Stake,2,0,1.0,1.0,1.4142135623730951
OM003038,M0634,PERSONALISED MEMORIAL,1,0,0.5,0.5,0.7071067811865476
OM008013,M0029,Graphic Dad Birthday Memorial Beach,10,1,5.5,5.5,6.363961030678928
OM008014,M0053,Graphic Mum Memorial Flowers,17,0,8.5,8.5,12.020815280171307
OM008014FR,OM008014FR,,1,0,0.5,0.5,0.7071067811865476
OM008015LargeUK,M0634,PERSONALISED MEMORIAL,2,0,1.0,1.0,1.4142135623730951
OM008015RegUK,M0680,MARBLE PERSONALISED PHOTO MEMORIAL,1,0,0.5,0.5,0.7071067811865476
OM008015UK Large Black,OM008015UK Large Black,,2,0,1.0,1.0,1.4142135623730951
OM008015UK Large Copper,M0715,LARGE PERSONALISED MEMORIAL,2,1,1.5,1.5,0.7071067811865476
OM008015UK Large Silver,M0715,LARGE SILVER PERSONALISED MEMORIAL,1,0,0.5,0.5,0.7071067811865476
OM008015UK Regular Black,M0634,PERSONALISED MEMORIAL,3,0,1.5,1.5,2.1213203435596424
OM008015UK Regular Gold,M0680,GOLD PERSONALISED PHOTO MEMORIAL,3,0,1.5,1.5,2.1213203435596424
OM008015UK Regular Silver,M0680,SILVER PERSONALISED PHOTO MEMORIAL,2,1,1.5,1.5,0.7071067811865476
OM008016BW,M0634,PERSONALISED MEMORIAL,6,0,3.0,3.0,4.242640687119285
OM008016Gold,M0634,PERSONALISED MEMORIAL,1,0,0.5,0.5,0.7071067811865476
OM008016Silver,OM008016Silver,,3,0,1.5,1.5,2.1213203435596424
OM008021,M0634,SILVER PERSONALISED MEMORIAL,3,0,1.5,1.5,2.1213203435596424
OM008048Silver,M0634,PERSONALISED MEMORIAL,2,0,1.0,1.0,1.4142135623730951
OM009005L Slate,M0715,LARGE PERSONALISED MEMORIAL,2,0,1.0,1.0,1.4142135623730951
OM009005L Stone,M0715,LARGE PERSONALISED MEMORIAL,3,0,1.5,1.5,2.1213203435596424
OMS008046RegUK,M0634,PERSONALISED MEMORIAL,2,0,1.0,1.0,1.4142135623730951
OP011003Adhesive,M0069,Black Please Wait HERE TO BE SEATED! Adh,1,0,0.5,0.5,0.7071067811865476
OP011003AdhesiveUK,M0069,Black Please Wait HERE TO BE SEATED! Adh,3,0,1.5,1.5,2.1213203435596424
OP011003StandUK,M0018,Black Please Wait To Be Seated STAND,8,0,4.0,4.0,5.656854249492381
OP011007SilverUK,M0003,Silver Push Pull,7,0,3.5,3.5,4.949747468305833
OP011008UK,M0039,Graphic Push Pull WHITE,8,0,4.0,4.0,5.656854249492381
OP011009BlackStandUK,M0024,Black Please Order Here,2,0,1.0,1.0,1.4142135623730951
OP014007,M0189,BLUE Yoga in Progress CIRCLE,0,1,0.5,0.5,0.7071067811865476
OPL012005BlueUK,M0237,DOG FRIENDLY - BLUE,4,0,2.0,2.0,2.8284271247461903
OPL012005GreenUK,M0455,GREEN DOG FRIENDLY,1,0,0.5,0.5,0.7071067811865476
OPL012005GreyUK,M0208,DOG FRIENDLY - GREY,7,1,4.0,4.0,4.242640687119285
OPL012007BlackUK,M0207,DOG FRIENDLY PUB - BLACK,3,0,1.5,1.5,2.1213203435596424
OPL012009BrownUK,M0431,Brown Horses Loose in Field sign,1,0,0.5,0.5,0.7071067811865476
OPL013003UK,M0067,Black Card Payments A9,6,0,3.0,3.0,4.242640687119285
OPL014010WhitewoodUK,M0345,WHITEWOOD USE BACK DOOR,2,0,1.0,1.0,1.4142135623730951
OPL014016UK,M0075,Black Hot Tub Rules,2,0,1.0,1.0,1.4142135623730951
OPL014023GreyUK,M0188,Grey Do Not Obstruct Driveway,5,0,2.5,2.5,3.5355339059327378
OPL014028GreyUK,M0205,LEAVE PARCELS IN BOX - GREY,1,0,0.5,0.5,0.7071067811865476
OPL017006UK,M0117,Shh Quiet Please A5 Hanging,1,0,0.5,0.5,0.7071067811865476
OPL020004UK,M0390,MEDITATION IN PROG DND,1,0,0.5,0.5,0.7071067811865476
OPL022003UK,M0338,MUM AND DAD MEMORIAL STAKE GRAPHIC BLUE SKY GRASS,8,1,4.5,4.5,4.949747468305833
OPL022004UK,M0426,Mum and Dad Hydrangea Memorial Stake,4,0,2.0,2.0,2.8284271247461903
OPL022005HGUK,M0040,Graphic Cat Memorial,1,0,0.5,0.5,0.7071067811865476
OPL022005LFUK,M0534,WOOD EFFECT LIVED FOREVER CAT STAKE,1,0,0.5,0.5,0.7071067811865476
OPL022006FHUK,M0112,"Graphic Dog Memorial - DICK, TOM",2,0,1.0,1.0,1.4142135623730951
OPL022006HGUK,M0010,Dog Memorial Plaque,5,0,2.5,2.5,3.5355339059327378
OPL022006LFUK,M0533,WOOD EFFECT LIVED FOREVER DOG STAKE,2,1,1.5,1.5,0.7071067811865476
OPS011013UK,M0008,Silver Graphic Push Pull,7,1,4.0,4.0,4.242640687119285
OPS011014SilverUK,M0043,Silver/Red Caution Hot Water,27,0,13.5,13.5,19.091883092036785
OPUV022023UK,M0634,PERSONALISED MEMORIAL,16,0,8.0,8.0,11.313708498984761
OPUV022024UK,M0634,PERSONALISED MEMORIAL,6,0,3.0,3.0,4.242640687119285
amzn.gr.OD024096-lq_m4S_bNhIdiICmNvIi-LN,amzn.gr.OD024096-lq_m4S_bNhIdiICmNvIi-LN,,1,0,0.5,0.5,0.7071067811865476
