COL_280425_010,Order Number,Colour,photo,Text1,Text2,Text3,TYPE,FORMULA,,"{""photo"" : ""image.png""}",,,,,,,,,,
COL_280425_010,205-9073653-5217164,Silver,Rose.png,In Loving Memory Of ,Rhonda ,"Wife Mom Nan 
Gone But Never Forgotten 
Missed Always&Forver",Regular Stake,Rose.png.png,COL_280425_010,,,,,,,,,,,
,,,,,,,,,,,,,,,,,,,,
,,,,,,,,,,,,,,,,,,,,
,,,,,,,,,,,,,,,,,,,,
,,,,,,,,,,,,,,,,,,,,
,,,,,,,,,,,,,,,,,,,,
,,,,,,,,,,,,,,,,,,,,
,,,,,,,,,,,,,,,,,,,,
0,205-0805961-4475554,Silver,Rose.png,44440,IN MEMORY OF,JANE RIMMINGTON ,Regular Stake,Rose.png.png,,,,,,,,,,,,
